file_path,snr,cnr,relative_psnr,relative_rmse
data/schizconnect_COBRE_images_22613/COBRE/sub-A00000300/ses-20110101/anat/sub-A00000300_ses-20110101_acq-mprage_run-02_echo-01_T1w.nii.gz,9.187162113384415,8.5313581908656,18.508070830562616,754.9435181609851
data/schizconnect_COBRE_images_22613/COBRE/sub-A00000368/ses-20110101/anat/sub-A00000368_ses-20110101_acq-mprage_run-02_echo-01_T1w.nii.gz,8.83040076015371,8.201399852237078,17.981801121802107,692.0502917060043
data/schizconnect_COBRE_images_22613/COBRE/sub-A00000456/ses-20090101/anat/sub-A00000456_ses-20090101_acq-mprage_run-04_echo-03_T1w.nii.gz,8.857839785735319,8.141162825205749,18.87008802740801,705.8442506827089
data/schizconnect_COBRE_images_22613/COBRE/sub-A00000541/ses-20100101/anat/sub-A00000541_ses-20100101_acq-mprage_run-03_echo-05_T1w.nii.gz,8.921504621794682,7.957231957222088,19.3548369313398,774.0018043675694
data/schizconnect_COBRE_images_22613/COBRE/sub-A00000838/ses-20100101/anat/sub-A00000838_ses-20100101_acq-mprage_run-04_echo-04_T1w.nii.gz,9.369098048199575,8.722439128635354,22.365042074217143,1202.036715401124
data/schizconnect_COBRE_images_22613/COBRE/sub-A00000909/ses-20110101/anat/sub-A00000909_ses-20110101_acq-mprage_run-01_echo-01_T1w.nii.gz,8.998244971792097,8.378591458664392,17.48522435701091,798.541443705227
data/schizconnect_COBRE_images_22613/COBRE/sub-A00001181/ses-20100101/anat/sub-A00001181_ses-20100101_acq-mprage_run-01_echo-05_T1w.nii.gz,9.016099755571105,8.306755831667227,20.531837056592263,724.5522722483067
data/schizconnect_COBRE_images_22613/COBRE/sub-A00001243/ses-20110101/anat/sub-A00001243_ses-20110101_acq-mprage_run-01_echo-02_T1w.nii.gz,8.740707751375655,8.069079280082443,18.38380441266515,658.927596401845
data/schizconnect_COBRE_images_22613/COBRE/sub-A00001251/ses-20110101/anat/sub-A00001251_ses-20110101_acq-mprage_run-04_echo-02_T1w.nii.gz,8.949936285582753,8.259532058653019,17.245737658796443,694.9137397330239
data/schizconnect_COBRE_images_22613/COBRE/sub-A00001452/ses-20100101/anat/sub-A00001452_ses-20100101_acq-mprage_run-04_echo-05_T1w.nii.gz,9.563872956798054,8.873335521996566,20.046498414490035,607.9250393998378
data/schizconnect_COBRE_images_22613/COBRE/sub-A00002198/ses-20110101/anat/sub-A00002198_ses-20110101_acq-mprage_run-02_echo-02_T1w.nii.gz,9.336207482968222,8.669774690228857,18.633061141746428,734.939164151769
data/schizconnect_COBRE_images_22613/COBRE/sub-A00002405/ses-20110101/anat/sub-A00002405_ses-20110101_acq-mprage_run-02_T1w.nii.gz,9.007152775647535,8.294993916744675,17.82430258944246,789.9853855436115
data/schizconnect_COBRE_images_22613/COBRE/sub-A00002480/ses-20110101/anat/sub-A00002480_ses-20110101_acq-mprage_run-02_echo-01_T1w.nii.gz,9.611114557843145,9.014430509276435,19.71978410334152,763.4522489465138
data/schizconnect_COBRE_images_22613/COBRE/sub-A00003150/ses-20110101/anat/sub-A00003150_ses-20110101_acq-mprage_run-03_echo-04_T1w.nii.gz,9.025755762810238,8.319376533026297,18.135293264069578,703.3148090304644
data/schizconnect_COBRE_images_22613/COBRE/sub-A00004087/ses-20100101/anat/sub-A00004087_ses-20100101_acq-mprage_run-04_T1w.nii.gz,9.086677241950529,8.373244859092948,17.303558611566412,637.7762264109501
data/schizconnect_COBRE_images_22613/COBRE/sub-A00004507/ses-20120101/anat/sub-A00004507_ses-20120101_acq-mprage_run-01_echo-05_T1w.nii.gz,9.293783207803962,8.607704772494449,17.51351962836322,710.9346117754387
data/schizconnect_COBRE_images_22613/COBRE/sub-A00006754/ses-20110101/anat/sub-A00006754_ses-20110101_acq-mprage_run-03_echo-02_T1w.nii.gz,9.04289259975889,8.381095287106474,19.39523206460816,652.0898592965641
data/schizconnect_COBRE_images_22613/COBRE/sub-A00007409/ses-20110101/anat/sub-A00007409_ses-20110101_acq-mprage_run-03_echo-02_T1w.nii.gz,9.015708325122969,8.362575996337206,17.314653518883276,699.5946629211942
data/schizconnect_COBRE_images_22613/COBRE/sub-A00009280/ses-20110101/anat/sub-A00009280_ses-20110101_acq-mprage_run-03_echo-02_T1w.nii.gz,9.445346121574804,8.797336956372662,19.491428155996925,969.4660417735166
data/schizconnect_COBRE_images_22613/COBRE/sub-A00009946/ses-20110101/anat/sub-A00009946_ses-20110101_acq-mprage_run-01_echo-01_T1w.nii.gz,8.893128841514551,8.259370207816676,18.52119360792004,934.6198054651394
data/schizconnect_COBRE_images_22613/COBRE/sub-A00010150/ses-20110101/anat/sub-A00010150_ses-20110101_acq-mprage_run-02_echo-03_T1w.nii.gz,9.032915352241616,8.325944542432415,19.52706559599565,768.3184206108741
data/schizconnect_COBRE_images_22613/COBRE/sub-A00010684/ses-20110101/anat/sub-A00010684_ses-20110101_acq-mprage_run-01_echo-02_T1w.nii.gz,9.093901899289063,8.412366584250776,18.239854927754685,703.2405625410278
data/schizconnect_COBRE_images_22613/COBRE/sub-A00011265/ses-20110101/anat/sub-A00011265_ses-20110101_acq-mprage_run-01_echo-01_T1w.nii.gz,9.37162296033168,8.800211146255236,16.96822917474779,603.2006813425046
data/schizconnect_COBRE_images_22613/COBRE/sub-A00011725/ses-20110101/anat/sub-A00011725_ses-20110101_acq-mprage_run-02_echo-04_T1w.nii.gz,9.069625959135347,8.372268724198173,18.604790698621283,785.9736775604554
data/schizconnect_COBRE_images_22613/COBRE/sub-A00012767/ses-20100101/anat/sub-A00012767_ses-20100101_acq-mprage_run-03_echo-04_T1w.nii.gz,8.36802797159009,7.642519183730513,19.225760764858407,743.5484766572308
data/schizconnect_COBRE_images_22613/COBRE/sub-A00012995/ses-20110101/anat/sub-A00012995_ses-20110101_acq-mprage_run-01_echo-03_T1w.nii.gz,9.00336501987353,8.289460273637438,18.27724822665399,778.7130613242858
data/schizconnect_COBRE_images_22613/COBRE/sub-A00013140/ses-20090101/anat/sub-A00013140_ses-20090101_acq-mprage_run-02_T1w.nii.gz,8.338266320292702,7.533373714007101,17.94430911772111,736.980572077585
data/schizconnect_COBRE_images_22613/COBRE/sub-A00013216/ses-20110101/anat/sub-A00013216_ses-20110101_acq-mprage_run-04_echo-04_T1w.nii.gz,8.420308066307973,7.672419134597859,19.08774805173952,680.9634179509954
data/schizconnect_COBRE_images_22613/COBRE/sub-A00013363/ses-20110101/anat/sub-A00013363_ses-20110101_acq-mprage_run-01_echo-03_T1w.nii.gz,8.993808374831136,8.294585467662245,19.36852176692913,683.8141641921696
data/schizconnect_COBRE_images_22613/COBRE/sub-A00013816/ses-20110101/anat/sub-A00013816_ses-20110101_acq-mprage_run-01_echo-03_T1w.nii.gz,8.76822326407144,8.066052072029926,19.49070827295087,823.7266407002351
data/schizconnect_COBRE_images_22613/COBRE/sub-A00014120/ses-20110101/anat/sub-A00014120_ses-20110101_acq-mprage_run-01_echo-02_T1w.nii.gz,9.058970735017663,8.407933071925434,20.698814998467338,798.7838504633469
data/schizconnect_COBRE_images_22613/COBRE/sub-A00014175/ses-20110101/anat/sub-A00014175_ses-20110101_acq-mprage_run-02_echo-05_T1w.nii.gz,9.695174347411529,8.970175509088689,20.745557488152272,654.8820554741908
data/schizconnect_COBRE_images_22613/COBRE/sub-A00014225/ses-20110101/anat/sub-A00014225_ses-20110101_acq-mprage_run-02_echo-05_T1w.nii.gz,9.683143311976602,9.015196895322337,20.846934535828744,769.740057120584
data/schizconnect_COBRE_images_22613/COBRE/sub-A00014522/ses-20100101/anat/sub-A00014522_ses-20100101_acq-mprage_run-01_echo-05_T1w.nii.gz,8.944213301872228,8.004468101895691,19.743858560344776,917.531641941687
data/schizconnect_COBRE_images_22613/COBRE/sub-A00014590/ses-20110101/anat/sub-A00014590_ses-20110101_acq-mprage_run-04_echo-01_T1w.nii.gz,8.992006471123519,8.320659947323351,18.334476415318623,879.4542193637282
data/schizconnect_COBRE_images_22613/COBRE/sub-A00014607/ses-20100101/anat/sub-A00014607_ses-20100101_acq-mprage_run-02_echo-04_T1w.nii.gz,8.811221000375241,8.106635227165809,19.21153300131392,667.4382800786416
data/schizconnect_COBRE_images_22613/COBRE/sub-A00014636/ses-20090101/anat/sub-A00014636_ses-20090101_acq-mprage_run-01_echo-04_T1w.nii.gz,8.88300000569357,8.157248344679836,18.96797606927493,694.8458883310523
data/schizconnect_COBRE_images_22613/COBRE/sub-A00014719/ses-20120101/anat/sub-A00014719_ses-20120101_acq-mprage_run-02_echo-04_T1w.nii.gz,8.823147533439265,8.095867308623395,17.86669118586328,698.218914037882
data/schizconnect_COBRE_images_22613/COBRE/sub-A00014804/ses-20090101/anat/sub-A00014804_ses-20090101_acq-mprage_run-02_echo-04_T1w.nii.gz,9.075106737125036,8.34734237714304,18.88487821582783,761.6302740616272
data/schizconnect_COBRE_images_22613/COBRE/sub-A00014830/ses-20090101/anat/sub-A00014830_ses-20090101_acq-mprage_run-05_echo-05_T1w.nii.gz,8.971254681963986,8.249039715151195,21.335807390926213,877.9157417885125
data/schizconnect_COBRE_images_22613/COBRE/sub-A00014839/ses-20090101/anat/sub-A00014839_ses-20090101_acq-mprage_run-01_echo-05_T1w.nii.gz,9.229700606841115,8.591327725616308,24.508547638961865,1231.6097739877575
data/schizconnect_COBRE_images_22613/COBRE/sub-A00014898/ses-20090101/anat/sub-A00014898_ses-20090101_acq-mprage_run-02_T1w.nii.gz,8.878444024303674,8.108373221919113,20.671580164249328,1021.4530886379998
data/schizconnect_COBRE_images_22613/COBRE/sub-A00015201/ses-20110101/anat/sub-A00015201_ses-20110101_acq-mprage_run-01_echo-03_T1w.nii.gz,9.073754591942963,8.394027709186332,21.32225403328627,958.606092678158
data/schizconnect_COBRE_images_22613/COBRE/sub-A00015518/ses-20100101/anat/sub-A00015518_ses-20100101_acq-mprage_run-04_echo-04_T1w.nii.gz,8.472925953904305,7.704826370949607,18.30307899422485,572.2276814252448
data/schizconnect_COBRE_images_22613/COBRE/sub-A00015648/ses-20110101/anat/sub-A00015648_ses-20110101_acq-mprage_run-01_T1w.nii.gz,8.957468294971438,8.228110635385443,19.49213455990995,900.2344860391223
data/schizconnect_COBRE_images_22613/COBRE/sub-A00015759/ses-20120101/anat/sub-A00015759_ses-20120101_acq-mprage_run-01_echo-02_T1w.nii.gz,10.291932355734104,9.685611260583585,16.02168762066437,464.99679407164814
data/schizconnect_COBRE_images_22613/COBRE/sub-A00015826/ses-20110101/anat/sub-A00015826_ses-20110101_acq-mprage_run-02_echo-05_T1w.nii.gz,9.313422072607503,8.601256669678106,21.41340159537468,765.9642175005455
data/schizconnect_COBRE_images_22613/COBRE/sub-A00016197/ses-20090101/anat/sub-A00016197_ses-20090101_acq-mprage_run-02_echo-04_T1w.nii.gz,8.57001774290539,7.822741282213856,19.87054656584331,847.1589507785628
data/schizconnect_COBRE_images_22613/COBRE/sub-A00016720/ses-20110101/anat/sub-A00016720_ses-20110101_acq-mprage_run-01_echo-02_T1w.nii.gz,9.581740279165803,8.900936144960074,18.687866440758786,816.7940981676189
data/schizconnect_COBRE_images_22613/COBRE/sub-A00016723/ses-20100101/anat/sub-A00016723_ses-20100101_acq-mprage_run-04_echo-02_T1w.nii.gz,9.316151981149568,8.651583363103754,16.815242971551726,521.9488651653179
data/schizconnect_COBRE_images_22613/COBRE/sub-A00017147/ses-20110101/anat/sub-A00017147_ses-20110101_acq-mprage_run-04_echo-05_T1w.nii.gz,8.885970904474673,8.153975195961552,20.102515440011537,778.7785245932065
data/schizconnect_COBRE_images_22613/COBRE/sub-A00017294/ses-20110101/anat/sub-A00017294_ses-20110101_acq-mprage_run-01_echo-02_T1w.nii.gz,9.002525608535388,8.322641719849948,18.877382078912287,660.355267704134
data/schizconnect_COBRE_images_22613/COBRE/sub-A00018129/ses-20100101/anat/sub-A00018129_ses-20100101_acq-mprage_run-02_echo-02_T1w.nii.gz,9.08938235386136,8.421657362728578,17.73111723014666,557.1249758971667
data/schizconnect_COBRE_images_22613/COBRE/sub-A00018317/ses-20100101/anat/sub-A00018317_ses-20100101_acq-mprage_run-02_echo-03_T1w.nii.gz,8.926139589738519,8.238730174824248,20.073069318469425,890.930768840316
data/schizconnect_COBRE_images_22613/COBRE/sub-A00018335/ses-20090101/anat/sub-A00018335_ses-20090101_acq-mprage_run-02_echo-02_T1w.nii.gz,9.384169626561157,8.700648943311965,17.71748929157237,630.6418702057091
data/schizconnect_COBRE_images_22613/COBRE/sub-A00018403/ses-20110101/anat/sub-A00018403_ses-20110101_acq-mprage_run-04_T1w.nii.gz,9.080452681420164,8.362210753106519,17.283689838020855,725.2531092262157
data/schizconnect_COBRE_images_22613/COBRE/sub-A00018434/ses-20100101/anat/sub-A00018434_ses-20100101_acq-mprage_run-01_echo-04_T1w.nii.gz,8.981929372640973,8.266049296893526,19.177654465102982,641.8480445709722
data/schizconnect_COBRE_images_22613/COBRE/sub-A00018553/ses-20110101/anat/sub-A00018553_ses-20110101_acq-mprage_run-01_echo-05_T1w.nii.gz,10.753037383354908,10.07083625298908,21.267868116748502,921.5482099163552
data/schizconnect_COBRE_images_22613/COBRE/sub-A00018716/ses-20090101/anat/sub-A00018716_ses-20090101_acq-mprage_run-04_echo-04_T1w.nii.gz,9.003294748824603,8.263791880207352,20.671167773920573,967.1630600395504
data/schizconnect_COBRE_images_22613/COBRE/sub-A00018979/ses-20100101/anat/sub-A00018979_ses-20100101_acq-mprage_run-02_echo-04_T1w.nii.gz,9.069505002402456,8.350867961375425,21.07443612537894,913.9330054817868
data/schizconnect_COBRE_images_22613/COBRE/sub-A00019293/ses-20100101/anat/sub-A00019293_ses-20100101_acq-mprage_run-01_echo-05_T1w.nii.gz,8.883808722938477,8.18580963493291,18.840411305460933,660.2026296246639
data/schizconnect_COBRE_images_22613/COBRE/sub-A00019349/ses-20100101/anat/sub-A00019349_ses-20100101_acq-mprage_run-01_T1w.nii.gz,8.893505037811414,8.179783656840652,18.72112832649907,582.1370010304814
data/schizconnect_COBRE_images_22613/COBRE/sub-A00019750/ses-20120101/anat/sub-A00019750_ses-20120101_acq-mprage_run-02_echo-02_T1w.nii.gz,9.446966019510468,8.773359648372228,22.30648164325116,1150.6366819305338
data/schizconnect_COBRE_images_22613/COBRE/sub-A00019888/ses-20110101/anat/sub-A00019888_ses-20110101_acq-mprage_run-02_echo-03_T1w.nii.gz,9.161313460059988,8.48334604294259,17.924672833748325,680.2257408620786
data/schizconnect_COBRE_images_22613/COBRE/sub-A00020414/ses-20100101/anat/sub-A00020414_ses-20100101_acq-mprage_run-04_echo-05_T1w.nii.gz,9.223568089159537,8.529994197635487,20.52922061484649,689.7926357275921
data/schizconnect_COBRE_images_22613/COBRE/sub-A00020416/ses-20110101/anat/sub-A00020416_ses-20110101_acq-mprage_run-01_echo-01_T1w.nii.gz,8.95856617618072,8.313924517639942,18.0768634501298,812.7183001616465
data/schizconnect_COBRE_images_22613/COBRE/sub-A00020602/ses-20110101/anat/sub-A00020602_ses-20110101_acq-mprage_run-01_echo-02_T1w.nii.gz,9.047218360847353,8.37678906797203,17.882571490803365,766.5835093866649
data/schizconnect_COBRE_images_22613/COBRE/sub-A00020787/ses-20100101/anat/sub-A00020787_ses-20100101_acq-mprage_run-01_echo-05_T1w.nii.gz,9.181992630431427,8.48836775740865,22.15288487425696,1095.019456524234
data/schizconnect_COBRE_images_22613/COBRE/sub-A00020805/ses-20100101/anat/sub-A00020805_ses-20100101_acq-mprage_run-03_echo-05_T1w.nii.gz,9.094758269868835,8.413121227708583,21.00097538581271,1075.9300956350162
data/schizconnect_COBRE_images_22613/COBRE/sub-A00020895/ses-20100101/anat/sub-A00020895_ses-20100101_acq-mprage_run-01_echo-05_T1w.nii.gz,9.006641135277587,8.31274857297923,18.3742479210628,752.2453842643209
data/schizconnect_COBRE_images_22613/COBRE/sub-A00020968/ses-20100101/anat/sub-A00020968_ses-20100101_acq-mprage_run-01_echo-05_T1w.nii.gz,8.928346603726164,8.191024335704416,20.244739465186345,919.923966505952
data/schizconnect_COBRE_images_22613/COBRE/sub-A00020984/ses-20100101/anat/sub-A00020984_ses-20100101_acq-mprage_run-02_echo-03_T1w.nii.gz,8.940942923811962,8.279823782976761,17.770189680318033,790.0935242038275
data/schizconnect_COBRE_images_22613/COBRE/sub-A00021058/ses-20100101/anat/sub-A00021058_ses-20100101_acq-mprage_run-03_echo-03_T1w.nii.gz,8.803049526360155,8.070799154510535,20.02519604569263,1033.8423151523757
data/schizconnect_COBRE_images_22613/COBRE/sub-A00021072/ses-20100101/anat/sub-A00021072_ses-20100101_acq-mprage_run-01_echo-03_T1w.nii.gz,8.613607423127307,7.937899144972211,20.59327464774164,853.8439002092588
data/schizconnect_COBRE_images_22613/COBRE/sub-A00021081/ses-20100101/anat/sub-A00021081_ses-20100101_acq-mprage_run-03_echo-01_T1w.nii.gz,9.00637509754326,8.322247107878223,18.98068174542532,977.6228839590176
data/schizconnect_COBRE_images_22613/COBRE/sub-A00021085/ses-20100101/anat/sub-A00021085_ses-20100101_acq-mprage_run-01_T1w.nii.gz,9.09765239144408,8.380633092055307,22.966564481909284,1263.348169984997
data/schizconnect_COBRE_images_22613/COBRE/sub-A00021145/ses-20100101/anat/sub-A00021145_ses-20100101_acq-mprage_run-01_echo-04_T1w.nii.gz,7.770634883786628,6.9768102123222855,19.586709043748726,802.27081714386
data/schizconnect_COBRE_images_22613/COBRE/sub-A00021591/ses-20110101/anat/sub-A00021591_ses-20110101_acq-mprage_run-01_echo-05_T1w.nii.gz,9.010760873375602,8.3254677050368,22.317347253387386,1116.936115248772
data/schizconnect_COBRE_images_22613/COBRE/sub-A00021598/ses-20110101/anat/sub-A00021598_ses-20110101_acq-mprage_run-04_echo-04_T1w.nii.gz,9.132303163282955,8.517292962040873,23.46595242942992,1262.2199041611216
data/schizconnect_COBRE_images_22613/COBRE/sub-A00022400/ses-20100101/anat/sub-A00022400_ses-20100101_acq-mprage_run-02_echo-02_T1w.nii.gz,9.37359358041188,8.684088174820998,20.621475865531185,1150.1784417552778
data/schizconnect_COBRE_images_22613/COBRE/sub-A00022490/ses-20090101/anat/sub-A00022490_ses-20090101_acq-mprage_run-01_echo-05_T1w.nii.gz,8.277804012609568,7.5681078855261905,23.926158780447103,1369.935637240673
data/schizconnect_COBRE_images_22613/COBRE/sub-A00022500/ses-20100101/anat/sub-A00022500_ses-20100101_acq-mprage_run-02_echo-01_T1w.nii.gz,8.98592116889484,8.318668798796162,21.453165972890456,1090.4361268479431
data/schizconnect_COBRE_images_22613/COBRE/sub-A00022509/ses-20090101/anat/sub-A00022509_ses-20090101_acq-mprage_run-02_echo-01_T1w.nii.gz,8.628736208693608,7.874819910938611,18.113398371409957,723.5316498357861
data/schizconnect_COBRE_images_22613/COBRE/sub-A00022592/ses-20110101/anat/sub-A00022592_ses-20110101_acq-mprage_run-02_T1w.nii.gz,9.006995123914137,8.332575448492953,17.72901527871965,537.8000467742328
data/schizconnect_COBRE_images_22613/COBRE/sub-A00022619/ses-20090101/anat/sub-A00022619_ses-20090101_acq-mprage_run-01_echo-04_T1w.nii.gz,8.930895292613487,8.20761379461852,18.493292316808585,652.8300527598631
data/schizconnect_COBRE_images_22613/COBRE/sub-A00022653/ses-20090101/anat/sub-A00022653_ses-20090101_acq-mprage_run-01_echo-05_T1w.nii.gz,9.100713075858309,8.358437216515554,18.64735559068884,594.0558139969258
data/schizconnect_COBRE_images_22613/COBRE/sub-A00022687/ses-20090101/anat/sub-A00022687_ses-20090101_acq-mprage_run-01_echo-05_T1w.nii.gz,9.934329882911795,9.2356602978564,22.167776526417555,964.5842351378776
data/schizconnect_COBRE_images_22613/COBRE/sub-A00022727/ses-20090101/anat/sub-A00022727_ses-20090101_acq-mprage_run-01_echo-04_T1w.nii.gz,9.210930983363768,8.54591659001382,22.61169020312916,1247.3803888557102
data/schizconnect_COBRE_images_22613/COBRE/sub-A00022729/ses-20090101/anat/sub-A00022729_ses-20090101_acq-mprage_run-01_T1w.nii.gz,9.289992091490392,8.642321535501578,22.72490488657608,1010.1285103054128
data/schizconnect_COBRE_images_22613/COBRE/sub-A00022773/ses-20090101/anat/sub-A00022773_ses-20090101_acq-mprage_run-02_echo-04_T1w.nii.gz,8.77510512469095,8.030323240901664,21.04487926371596,937.0321254962552
data/schizconnect_COBRE_images_22613/COBRE/sub-A00022810/ses-20090101/anat/sub-A00022810_ses-20090101_acq-mprage_run-01_echo-04_T1w.nii.gz,8.990550195144559,8.307477022593526,23.113879367595,1239.949679302493
data/schizconnect_COBRE_images_22613/COBRE/sub-A00022835/ses-20090101/anat/sub-A00022835_ses-20090101_acq-mprage_run-03_echo-04_T1w.nii.gz,8.714744771128093,7.955910754241334,19.478641599619746,761.0651092402074
data/schizconnect_COBRE_images_22613/COBRE/sub-A00022837/ses-20090101/anat/sub-A00022837_ses-20090101_acq-mprage_run-02_echo-02_T1w.nii.gz,9.08394817303631,8.403306478041728,18.342869405316623,750.4456662010416
data/schizconnect_COBRE_images_22613/COBRE/sub-A00022915/ses-20090101/anat/sub-A00022915_ses-20090101_acq-mprage_run-02_echo-03_T1w.nii.gz,9.015573512202458,8.315646390179385,19.12472738122356,880.6808695647447
data/schizconnect_COBRE_images_22613/COBRE/sub-A00023095/ses-20090101/anat/sub-A00023095_ses-20090101_acq-mprage_run-02_echo-03_T1w.nii.gz,9.760128587601177,9.103290080157102,22.436067560043227,1169.8011392557808
data/schizconnect_COBRE_images_22613/COBRE/sub-A00023120/ses-20090101/anat/sub-A00023120_ses-20090101_acq-mprage_run-01_echo-05_T1w.nii.gz,4.63826376069035,3.73947261668015,27.76481466185484,1770.3400785219967
data/schizconnect_COBRE_images_22613/COBRE/sub-A00023131/ses-20110101/anat/sub-A00023131_ses-20110101_acq-mprage_run-01_echo-02_T1w.nii.gz,9.093097991066838,8.425933883558304,17.01910090563416,659.0040297506833
data/schizconnect_COBRE_images_22613/COBRE/sub-A00023132/ses-20090101/anat/sub-A00023132_ses-20090101_acq-mprage_run-01_echo-04_T1w.nii.gz,8.476072715129794,7.752732096617812,21.290590776151134,894.9287183285319
data/schizconnect_COBRE_images_22613/COBRE/sub-A00023143/ses-20090101/anat/sub-A00023143_ses-20090101_acq-mprage_run-02_echo-05_T1w.nii.gz,10.209570881191668,9.50281597568986,20.784656309881,942.4914848744878
data/schizconnect_COBRE_images_22613/COBRE/sub-A00023158/ses-20090101/anat/sub-A00023158_ses-20090101_acq-mprage_run-01_T1w.nii.gz,8.516810867556481,7.788576135959609,21.37675830591844,996.9028776848054
data/schizconnect_COBRE_images_22613/COBRE/sub-A00023243/ses-20090101/anat/sub-A00023243_ses-20090101_acq-mprage_run-03_echo-04_T1w.nii.gz,8.933137101879462,8.12805644593686,20.24139722145792,775.167005424826
data/schizconnect_COBRE_images_22613/COBRE/sub-A00023246/ses-20110101/anat/sub-A00023246_ses-20110101_acq-mprage_run-02_echo-04_T1w.nii.gz,8.815728756325045,8.218320062339714,23.494224454124097,1288.7930330874772
data/schizconnect_COBRE_images_22613/COBRE/sub-A00023330/ses-20090101/anat/sub-A00023330_ses-20090101_acq-mprage_run-02_echo-03_T1w.nii.gz,8.926485833745893,8.21150392061102,18.30493042420057,812.823081301001
data/schizconnect_COBRE_images_22613/COBRE/sub-A00023337/ses-20100101/anat/sub-A00023337_ses-20100101_acq-mprage_run-02_echo-03_T1w.nii.gz,8.941792010255766,8.277327385546482,22.490957817205395,1237.8569164399453
data/schizconnect_COBRE_images_22613/COBRE/sub-A00023366/ses-20090101/anat/sub-A00023366_ses-20090101_acq-mprage_run-02_echo-04_T1w.nii.gz,8.470629167751028,7.723741557016178,16.57362190946519,523.2781536850173
data/schizconnect_COBRE_images_22613/COBRE/sub-A00023590/ses-20100101/anat/sub-A00023590_ses-20100101_acq-mprage_run-02_echo-05_T1w.nii.gz,8.520526486744092,7.844859187299091,23.19549100675008,1190.611879136886
data/schizconnect_COBRE_images_22613/COBRE/sub-A00023730/ses-20120101/anat/sub-A00023730_ses-20120101_acq-mprage_run-02_echo-05_T1w.nii.gz,9.399991805395471,8.719494120284317,18.753200401076143,573.4045103800946
data/schizconnect_COBRE_images_22613/COBRE/sub-A00023750/ses-20090101/anat/sub-A00023750_ses-20090101_acq-mprage_run-02_echo-04_T1w.nii.gz,7.494987292564331,6.688670836576804,18.162771273025196,666.8837907945237
data/schizconnect_COBRE_images_22613/COBRE/sub-A00023800/ses-20090101/anat/sub-A00023800_ses-20090101_acq-mprage_run-04_echo-02_T1w.nii.gz,9.005265958715952,8.339576576753421,18.12599648682101,682.8964780307545
data/schizconnect_COBRE_images_22613/COBRE/sub-A00023848/ses-20090101/anat/sub-A00023848_ses-20090101_acq-mprage_run-04_T1w.nii.gz,9.00745540400138,8.24655220366584,19.855465724947564,895.2654464070106
data/schizconnect_COBRE_images_22613/COBRE/sub-A00023866/ses-20090101/anat/sub-A00023866_ses-20090101_acq-mprage_run-01_echo-03_T1w.nii.gz,8.50470796623925,7.857297172130029,22.785622678773912,1293.4135692368177
data/schizconnect_COBRE_images_22613/COBRE/sub-A00024160/ses-20090101/anat/sub-A00024160_ses-20090101_acq-mprage_run-02_T1w.nii.gz,8.90960200962957,8.114422750577841,19.50304060759304,870.6706995296663
data/schizconnect_COBRE_images_22613/COBRE/sub-A00024198/ses-20090101/anat/sub-A00024198_ses-20090101_acq-mprage_run-03_echo-05_T1w.nii.gz,8.98181911037126,8.246581706211803,21.442721604070663,1045.1369249034028
data/schizconnect_COBRE_images_22613/COBRE/sub-A00024228/ses-20090101/anat/sub-A00024228_ses-20090101_acq-mprage_run-03_echo-01_T1w.nii.gz,8.828190955448648,8.155331018740688,19.254597220744078,912.4703805731804
data/schizconnect_COBRE_images_22613/COBRE/sub-A00024301/ses-20090101/anat/sub-A00024301_ses-20090101_acq-mprage_run-01_echo-03_T1w.nii.gz,9.025823443308209,8.240386799626366,21.879092827595628,1054.9073953922257
data/schizconnect_COBRE_images_22613/COBRE/sub-A00024372/ses-20090101/anat/sub-A00024372_ses-20090101_acq-mprage_run-05_T1w.nii.gz,8.937915235572701,8.181106735833342,21.471715374483207,1054.4237048489344
data/schizconnect_COBRE_images_22613/COBRE/sub-A00024446/ses-20090101/anat/sub-A00024446_ses-20090101_acq-mprage_run-02_echo-02_T1w.nii.gz,10.220806419753968,9.549895493901184,17.65894967536909,658.270714224611
data/schizconnect_COBRE_images_22613/COBRE/sub-A00024535/ses-20090101/anat/sub-A00024535_ses-20090101_acq-mprage_run-01_echo-03_T1w.nii.gz,8.496806344347048,7.7333728152302035,19.383847796137616,786.1006617195278
data/schizconnect_COBRE_images_22613/COBRE/sub-A00024546/ses-20090101/anat/sub-A00024546_ses-20090101_acq-mprage_run-01_echo-02_T1w.nii.gz,9.361675862414794,8.674380972418156,19.380702895180324,852.3293714946552
data/schizconnect_COBRE_images_22613/COBRE/sub-A00024568/ses-20090101/anat/sub-A00024568_ses-20090101_acq-mprage_run-04_echo-05_T1w.nii.gz,8.934543979757473,8.209683739232965,21.050715123530036,812.1314415669632
data/schizconnect_COBRE_images_22613/COBRE/sub-A00024663/ses-20090101/anat/sub-A00024663_ses-20090101_acq-mprage_run-02_echo-03_T1w.nii.gz,9.025647440742585,8.303513392429846,18.96150995464961,777.0293795487626
data/schizconnect_COBRE_images_22613/COBRE/sub-A00024684/ses-20100101/anat/sub-A00024684_ses-20100101_acq-mprage_run-02_echo-02_T1w.nii.gz,9.708861940952175,9.076299036331324,17.868463102311583,616.9140033253703
data/schizconnect_COBRE_images_22613/COBRE/sub-A00024820/ses-20090101/anat/sub-A00024820_ses-20090101_acq-mprage_run-02_echo-02_T1w.nii.gz,9.42079589212819,8.751782265297962,19.620067222777287,988.0259473820666
data/schizconnect_COBRE_images_22613/COBRE/sub-A00024932/ses-20090101/anat/sub-A00024932_ses-20090101_acq-mprage_run-01_echo-02_T1w.nii.gz,10.425372814797615,9.78195638353239,18.76116771592081,768.6450397822009
data/schizconnect_COBRE_images_22613/COBRE/sub-A00024953/ses-20090101/anat/sub-A00024953_ses-20090101_acq-mprage_run-01_echo-04_T1w.nii.gz,7.695910023842815,6.898513662855433,21.03221655311794,948.0365166276458
data/schizconnect_COBRE_images_22613/COBRE/sub-A00024955/ses-20090101/anat/sub-A00024955_ses-20090101_acq-mprage_run-04_echo-04_T1w.nii.gz,9.059726663025389,8.332137292669303,19.25895884932322,693.2048841145938
data/schizconnect_COBRE_images_22613/COBRE/sub-A00024959/ses-20090101/anat/sub-A00024959_ses-20090101_acq-mprage_run-01_echo-04_T1w.nii.gz,8.323982509075607,7.590928873781149,19.502838371612537,786.8769628534637
data/schizconnect_COBRE_images_22613/COBRE/sub-A00025969/ses-20090101/anat/sub-A00025969_ses-20090101_acq-mprage_run-02_T1w.nii.gz,8.215842452894591,7.45515403893152,21.032789180408088,921.7693176670195
data/schizconnect_COBRE_images_22613/COBRE/sub-A00026907/ses-20100101/anat/sub-A00026907_ses-20100101_acq-mprage_run-01_echo-02_T1w.nii.gz,9.105312669661044,8.417901538754315,20.387114262184763,691.9407358171135
data/schizconnect_COBRE_images_22613/COBRE/sub-A00026945/ses-20100101/anat/sub-A00026945_ses-20100101_acq-mprage_run-01_echo-03_T1w.nii.gz,9.07395837409655,8.36909108833942,18.878783701689205,737.627523561113
data/schizconnect_COBRE_images_22613/COBRE/sub-A00027391/ses-20110101/anat/sub-A00027391_ses-20110101_acq-mprage_run-02_echo-02_T1w.nii.gz,9.515321306560176,8.880109214950272,18.249278787646148,677.7010100100833
data/schizconnect_COBRE_images_22613/COBRE/sub-A00027410/ses-20120101/anat/sub-A00027410_ses-20120101_acq-mprage_run-02_echo-01_T1w.nii.gz,8.887010839839101,8.26595769419817,18.166009204939822,843.5998152614964
data/schizconnect_COBRE_images_22613/COBRE/sub-A00027487/ses-20120101/anat/sub-A00027487_ses-20120101_acq-mprage_run-02_echo-02_T1w.nii.gz,9.180031682083763,8.528938576391736,17.020326817167042,532.4988930289235
data/schizconnect_COBRE_images_22613/COBRE/sub-A00027537/ses-20110101/anat/sub-A00027537_ses-20110101_acq-mprage_run-01_echo-05_T1w.nii.gz,8.996396462605398,8.284119674564975,18.91198803022496,631.2723393543822
data/schizconnect_COBRE_images_22613/COBRE/sub-A00027616/ses-20090101/anat/sub-A00027616_ses-20090101_acq-mprage_run-02_echo-05_T1w.nii.gz,9.52755209969319,8.817695954523561,19.32855589329545,675.2301305910312
data/schizconnect_COBRE_images_22613/COBRE/sub-A00027755/ses-20110101/anat/sub-A00027755_ses-20110101_acq-mprage_run-06_echo-02_T1w.nii.gz,8.957526405436964,8.271004054432453,18.43331598416745,721.6934345550089
data/schizconnect_COBRE_images_22613/COBRE/sub-A00027787/ses-20110101/anat/sub-A00027787_ses-20110101_acq-mprage_run-02_echo-05_T1w.nii.gz,8.83033005944745,8.226920952906738,24.426632885782457,1190.43388479975
data/schizconnect_COBRE_images_22613/COBRE/sub-A00027969/ses-20110101/anat/sub-A00027969_ses-20110101_acq-mprage_run-01_echo-04_T1w.nii.gz,8.335578874531656,7.567101909274737,19.40917346421805,785.7646243075822
data/schizconnect_COBRE_images_22613/COBRE/sub-A00028052/ses-20110101/anat/sub-A00028052_ses-20110101_acq-mprage_run-02_echo-02_T1w.nii.gz,11.26015099729186,10.646693676893369,18.804033729972915,760.9594751250529
data/schizconnect_COBRE_images_22613/COBRE/sub-A00028189/ses-20120101/anat/sub-A00028189_ses-20120101_acq-mprage_run-02_echo-04_T1w.nii.gz,9.031959044063848,8.288084122348863,21.132803613996813,862.9188407200243
data/schizconnect_COBRE_images_22613/COBRE/sub-A00028303/ses-20120101/anat/sub-A00028303_ses-20120101_acq-mprage_run-02_echo-04_T1w.nii.gz,8.907432437468565,8.121960834294038,21.435755297233907,1017.5438781929709
data/schizconnect_COBRE_images_22613/COBRE/sub-A00028402/ses-20120101/anat/sub-A00028402_ses-20120101_acq-mprage_run-01_echo-04_T1w.nii.gz,8.081098574642867,7.327287065570828,21.46887977463522,1098.5827260630738
data/schizconnect_COBRE_images_22613/COBRE/sub-A00028404/ses-20110101/anat/sub-A00028404_ses-20110101_acq-mprage_run-02_echo-02_T1w.nii.gz,9.12226218734277,8.46083961211779,18.58847735493118,761.8830199677229
data/schizconnect_COBRE_images_22613/COBRE/sub-A00028405/ses-20120101/anat/sub-A00028405_ses-20120101_acq-mprage_run-01_echo-04_T1w.nii.gz,8.849958128107039,8.1257801634813,19.20908154663572,663.4291164978355
data/schizconnect_COBRE_images_22613/COBRE/sub-A00028406/ses-20120101/anat/sub-A00028406_ses-20120101_acq-mprage_run-01_echo-05_T1w.nii.gz,10.537154087305815,9.885711680134763,17.768623651040492,601.4576512031488
data/schizconnect_COBRE_images_22613/COBRE/sub-A00028408/ses-20120101/anat/sub-A00028408_ses-20120101_acq-mprage_run-01_echo-01_T1w.nii.gz,9.02307535227453,8.37595498766592,18.51520344850625,727.986946111624
data/schizconnect_COBRE_images_22613/COBRE/sub-A00028409/ses-20120101/anat/sub-A00028409_ses-20120101_acq-mprage_run-01_echo-02_T1w.nii.gz,10.044391567195724,9.424436598589502,18.0696236671916,709.1631245110182
data/schizconnect_COBRE_images_22613/COBRE/sub-A00028410/ses-20120101/anat/sub-A00028410_ses-20120101_acq-mprage_run-02_echo-04_T1w.nii.gz,8.96291877501761,8.20608309779739,20.39075232167381,942.6019486247376
data/schizconnect_COBRE_images_22613/COBRE/sub-A00028805/ses-20120101/anat/sub-A00028805_ses-20120101_acq-mprage_run-02_echo-05_T1w.nii.gz,7.777801100248432,7.171525175192613,24.708483762206587,1384.2949554547167
data/schizconnect_COBRE_images_22613/COBRE/sub-A00028806/ses-20120101/anat/sub-A00028806_ses-20120101_acq-mprage_run-01_echo-05_T1w.nii.gz,9.291381232447588,8.61142872638584,20.301648611078235,779.8813403441949
data/schizconnect_COBRE_images_22613/COBRE/sub-A00029226/ses-20120101/anat/sub-A00029226_ses-20120101_acq-mprage_run-02_echo-02_T1w.nii.gz,10.62919494387605,10.035523166727083,17.31235058641075,525.599018525043
data/schizconnect_COBRE_images_22613/COBRE/sub-A00029452/ses-20120101/anat/sub-A00029452_ses-20120101_acq-mprage_run-01_echo-05_T1w.nii.gz,8.993059587142174,8.275435011169872,22.293948039336048,1017.225797362742
data/schizconnect_COBRE_images_22613/COBRE/sub-A00029486/ses-20120101/anat/sub-A00029486_ses-20120101_acq-mprage_run-02_echo-01_T1w.nii.gz,8.989551639942823,8.378548316781488,17.97736418060139,878.8991867644245
data/schizconnect_COBRE_images_22613/COBRE/sub-A00031186/ses-20120101/anat/sub-A00031186_ses-20120101_acq-mprage_run-01_echo-02_T1w.nii.gz,8.905550220670058,8.217810933991322,18.073895446887462,681.7872849898301
data/schizconnect_COBRE_images_22613/COBRE/sub-A00031271/ses-20120101/anat/sub-A00031271_ses-20120101_acq-mprage_run-02_echo-04_T1w.nii.gz,8.978846181749871,8.372197083821067,23.31029936411103,993.754177342118
data/schizconnect_COBRE_images_22613/COBRE/sub-A00031478/ses-20120101/anat/sub-A00031478_ses-20120101_acq-mprage_run-02_echo-05_T1w.nii.gz,10.70908039574288,10.063170264052443,22.42376376015533,856.8002670997305
data/schizconnect_COBRE_images_22613/COBRE/sub-A00031597/ses-20120101/anat/sub-A00031597_ses-20120101_acq-mprage_run-02_echo-01_T1w.nii.gz,9.165430255450635,8.558723279655663,17.60283916660179,720.559778436116
data/schizconnect_COBRE_images_22613/COBRE/sub-A00031764/ses-20120101/anat/sub-A00031764_ses-20120101_acq-mprage_run-02_echo-01_T1w.nii.gz,10.225440921241573,9.655373659403072,18.556990889994463,699.269001108803
data/schizconnect_COBRE_images_22613/COBRE/sub-A00033214/ses-20120101/anat/sub-A00033214_ses-20120101_acq-mprage_run-02_echo-05_T1w.nii.gz,9.026669637176768,8.300048216160455,19.52955007496157,766.74069314174
data/schizconnect_COBRE_images_22613/COBRE/sub-A00034273/ses-20120101/anat/sub-A00034273_ses-20120101_acq-mprage_run-01_echo-05_T1w.nii.gz,10.62625025588133,9.92801417638304,21.85158447549479,935.2300647770004
data/schizconnect_COBRE_images_22613/COBRE/sub-A00035003/ses-20120101/anat/sub-A00035003_ses-20120101_acq-mprage_run-02_echo-02_T1w.nii.gz,9.336099743869893,8.687454571131203,17.871829713446953,711.0428429606607
data/schizconnect_COBRE_images_22613/COBRE/sub-A00035485/ses-20120101/anat/sub-A00035485_ses-20120101_acq-mprage_run-02_echo-04_T1w.nii.gz,8.913354716627301,8.199797788492427,17.874967178687502,633.2961961159783
data/schizconnect_COBRE_images_22613/COBRE/sub-A00035751/ses-20130101/anat/sub-A00035751_ses-20130101_acq-mprage_run-01_echo-04_T1w.nii.gz,9.278450940180704,8.65516266021368,22.82281631017537,1070.1239334961194
data/schizconnect_COBRE_images_22613/COBRE/sub-A00035836/ses-20130101/anat/sub-A00035836_ses-20130101_acq-mprage_run-01_echo-05_T1w.nii.gz,9.29327980558903,8.614007121365725,21.61580553450704,728.0121370140475
data/schizconnect_COBRE_images_22613/COBRE/sub-A00035859/ses-20120101/anat/sub-A00035859_ses-20120101_acq-mprage_run-01_echo-02_T1w.nii.gz,9.440155479275884,8.817658140293155,18.14308487847429,680.7302182082383
data/schizconnect_COBRE_images_22613/COBRE/sub-A00036049/ses-20130101/anat/sub-A00036049_ses-20130101_acq-mprage_run-02_echo-02_T1w.nii.gz,9.021317021681757,8.365353502197273,19.46097579714839,814.6747807500354
data/schizconnect_COBRE_images_22613/COBRE/sub-A00036555/ses-20130101/anat/sub-A00036555_ses-20130101_acq-mprage_run-01_echo-02_T1w.nii.gz,9.01569368617664,8.350549369551526,21.144466676925404,906.6783670058916
data/schizconnect_COBRE_images_22613/COBRE/sub-A00036844/ses-20130101/anat/sub-A00036844_ses-20130101_acq-mprage_run-02_echo-02_T1w.nii.gz,8.979469228521657,8.34449917005578,18.364106860593207,749.8046359309883
data/schizconnect_COBRE_images_22613/COBRE/sub-A00036897/ses-20130101/anat/sub-A00036897_ses-20130101_acq-mprage_run-01_echo-04_T1w.nii.gz,8.900315395224892,8.19715423945494,18.817807445493468,701.7390436424877
data/schizconnect_COBRE_images_22613/COBRE/sub-A00036916/ses-20130101/anat/sub-A00036916_ses-20130101_acq-mprage_run-01_T1w.nii.gz,9.074575816476369,8.377022076667563,17.355559872473414,671.631489115346
data/schizconnect_COBRE_images_22613/COBRE/sub-A00037007/ses-20130101/anat/sub-A00037007_ses-20130101_acq-mprage_run-01_echo-05_T1w.nii.gz,8.754623871672061,8.085889368140736,23.35862055070521,1236.1950119481803
data/schizconnect_COBRE_images_22613/COBRE/sub-A00037034/ses-20130101/anat/sub-A00037034_ses-20130101_acq-mprage_run-02_echo-02_T1w.nii.gz,9.407617353216365,8.779334533201755,18.42448989097848,687.5448233123145
data/schizconnect_COBRE_images_22613/COBRE/sub-A00037224/ses-20130101/anat/sub-A00037224_ses-20130101_acq-mprage_run-02_echo-05_T1w.nii.gz,9.842326640370231,9.188864621644374,20.3016763511447,824.260436174737
data/schizconnect_COBRE_images_22613/COBRE/sub-A00037238/ses-20130101/anat/sub-A00037238_ses-20130101_acq-mprage_run-01_echo-02_T1w.nii.gz,9.452776630258343,8.830862906668077,18.47410540375896,830.3767295152121
data/schizconnect_COBRE_images_22613/COBRE/sub-A00037318/ses-20130101/anat/sub-A00037318_ses-20130101_acq-mprage_run-02_echo-01_T1w.nii.gz,9.025232180602671,8.41053770468473,17.375557875765757,811.7687661059016
data/schizconnect_COBRE_images_22613/COBRE/sub-A00037495/ses-20130101/anat/sub-A00037495_ses-20130101_acq-mprage_run-01_echo-01_T1w.nii.gz,9.42561035439214,8.817284809243247,19.289572457115007,994.4386405093558
data/schizconnect_COBRE_images_22613/COBRE/sub-A00037564/ses-20130101/anat/sub-A00037564_ses-20130101_acq-mprage_run-01_echo-05_T1w.nii.gz,9.08601992366529,8.356149699186503,19.981776131486203,712.4115860644599
data/schizconnect_COBRE_images_22613/COBRE/sub-A00037619/ses-20130101/anat/sub-A00037619_ses-20130101_acq-mprage_run-01_echo-02_T1w.nii.gz,9.790417320942918,9.17548965167446,17.46304022009481,693.0024411037267
data/schizconnect_COBRE_images_22613/COBRE/sub-A00037649/ses-20130101/anat/sub-A00037649_ses-20130101_acq-mprage_run-01_echo-04_T1w.nii.gz,9.017784968991815,8.282958442887804,18.89450510747705,682.2717996326983
data/schizconnect_COBRE_images_22613/COBRE/sub-A00037665/ses-20130101/anat/sub-A00037665_ses-20130101_acq-mprage_run-02_echo-02_T1w.nii.gz,9.399737078142568,8.763770140950033,18.65821552931573,796.0932591834036
data/schizconnect_COBRE_images_22613/COBRE/sub-A00037854/ses-20130101/anat/sub-A00037854_ses-20130101_acq-mprage_run-01_echo-02_T1w.nii.gz,9.321982175666744,8.65871719585909,20.548256980969867,995.2012679298756
data/schizconnect_COBRE_images_22613/COBRE/sub-A00038172/ses-20130101/anat/sub-A00038172_ses-20130101_acq-mprage_run-01_echo-03_T1w.nii.gz,8.851742419335684,8.177399744032364,20.78822938592877,910.9016701178796
data/schizconnect_COBRE_images_22613/COBRE/sub-A00038441/ses-20130101/anat/sub-A00038441_ses-20130101_acq-mprage_run-02_echo-02_T1w.nii.gz,8.999004670121161,8.362505353749293,16.913502391452656,573.6020255313186
data/schizconnect_COBRE_images_22613/COBRE/sub-A00038624/ses-20130101/anat/sub-A00038624_ses-20130101_acq-mprage_run-02_echo-02_T1w.nii.gz,9.501265595337347,8.866363865618599,18.886966440058718,677.7040996065906
